{
  "preview": "https://steamuserimages-a.akamaihd.net/ugc/2024971336131470436/C5D3E678A8D6C1E9300FA316BB59E73D9C4EAA37/?imw=5000&imh=5000&ima=fit&impolicy=Letterbox&imcolor=%23000000&letterbox=false",
  "submitter": "vinisaurus",
  "avi": "https://i.imgur.com/rTJ5MKU.png",
  "upic": "",
  "caticon": "https://images.gamebanana.com/img/ico/ModCategory/60ce909a99027.png",
  "cat": "Ramlethal Valentine Skin",
  "description": "Ram do mine",
  "filedescription": "",
  "homepage": "",
  "lastupdate": "2021-07-23T04:50:54"
}