{
    "variants": {
        "": [ { "model": "block/dirt", "weight":400 },
{ "model": "block/dirt", "y": 90, "weight":400 },
{ "model": "block/dirt", "y": 180, "weight":400 },
{ "model": "block/dirt", "y": 270, "weight":400 },
{ "model": "block/dirt", "x": 90, "weight":400 },
{ "model": "block/dirt", "x": 180, "weight":400 },
{ "model": "block/dirt", "x": 270, "weight":400 },
{ "model": "block/dirt1", "weight":400 },
{ "model": "block/dirt1", "y": 90, "weight":400 },
{ "model": "block/dirt1", "y": 180, "weight":400 },
{ "model": "block/dirt1", "y": 270, "weight":400 },
{ "model": "block/dirt1", "x": 90, "weight":400 },
{ "model": "block/dirt1", "x": 180, "weight":400 },
{ "model": "block/dirt1", "x": 270, "weight":400 },
{ "model": "block/dirt2", "weight":400 },
{ "model": "block/dirt2", "y": 90, "weight":400 },
{ "model": "block/dirt2", "y": 180, "weight":400 },
{ "model": "block/dirt2", "y": 270, "weight":400 },
{ "model": "block/dirt2", "x": 90, "weight":400 },
{ "model": "block/dirt2", "x": 180, "weight":400 },
{ "model": "block/dirt2", "x": 270, "weight":400 },
{ "model": "block/dirt3", "weight":400 },
{ "model": "block/dirt3", "y": 90, "weight":400 },
{ "model": "block/dirt3", "y": 180, "weight":400 },
{ "model": "block/dirt3", "y": 270, "weight":400 },
{ "model": "block/dirt3", "x": 90, "weight":400 },
{ "model": "block/dirt3", "x": 180, "weight":400 },
{ "model": "block/dirt3", "x": 270, "weight":400 },
{ "model": "block/dirt10", "weight":50 },
{ "model": "block/dirt10", "y": 90, "weight":50 },
{ "model": "block/dirt10", "y": 180, "weight":50 },
{ "model": "block/dirt10", "y": 270, "weight":50 },
{ "model": "block/dirt10", "x": 90, "weight":50 },
{ "model": "block/dirt10", "x": 180, "weight":50 },
{ "model": "block/dirt10", "x": 270, "weight":50 },
{ "model": "block/dirt11", "weight":50},
{ "model": "block/dirt11", "y": 90, "weight":50 },
{ "model": "block/dirt11", "y": 180, "weight":50 },
{ "model": "block/dirt11", "y": 270, "weight":50 },
{ "model": "block/dirt11", "x": 90, "weight":50 },
{ "model": "block/dirt11", "x": 180, "weight":50 },
{ "model": "block/dirt12", "x": 270, "weight":50 },
{ "model": "block/dirt12", "weight":50 },
{ "model": "block/dirt12", "y": 90, "weight":50 },
{ "model": "block/dirt12", "y": 180, "weight":50 },
{ "model": "block/dirt12", "y": 270, "weight":50 },
{ "model": "block/dirt12", "x": 90, "weight":50 },
{ "model": "block/dirt12", "x": 180, "weight":50 },
{ "model": "block/dirt12", "x": 270, "weight":50 }


 ]   }
}
